StartDate,EndDate,DurationinSeconds,RecordedDate,Q3,Q4,Q5,Q6,Q7,Q8,Q9,Q11,Q12,Q21,Q22,Q23,Q24,Q25,Q26,Q27,Q49,Q52,Q53,Q54,Q58,complex1,simple1,complex2,simple2
2022-07-19 03:34:32,2022-07-19 03:43:36,544,2022-07-19 03:43:36,4,4,4,4,3,3,2,5,6,4,4,4,4,3,3,2,3,30,2,6,"",,13.87 5 M;37.19 3 M;85.49 4 M;668.32 3 51;,,215.18 4 M;653.02 3 51;
2022-07-19 03:31:36,2022-07-19 03:54:43,1387,2022-07-19 03:54:44,4,3,3,1,4,2,1,1,4,4,3,4,4,5,2,1,3,23,1,4,"",15.42 5 M;29.33 3 M;65.06 4 M;69.56 1 M;100.86 2 M;363.36 4 M;368.64 3 M;381.67 2 M;477.91 1 M;577.05 5 M;579.71 3 M;596.94 2 M;597.96 3 M;613.56 4 M;621.86 2 M;698.78 2 98;698.78 3 99;,,7.5 5 M;86.37 3 M;233.37 2 98;233.37 3 99;,
2022-07-19 03:49:08,2022-07-19 03:57:59,530,2022-07-19 03:57:59,5,4,5,5,1,3,1,4,4,3,3,2,3,2,2,1,3,34,2,5,"",,45.61 5 M;58.28 3 51;58.28 4 52;,96.81 3 M;128.85 3 51;128.85 4 52;,
2022-07-19 14:27:58,2022-07-19 15:44:33,4594,2022-07-19 15:44:33,5,5,5,5,1,5,5,1,5,3,3,3,3,3,2,1,3,24,3,4,"it was really hard to pay attention to the second one (consider order effects, hopefully it's counterbalanced). If possible, changing the colour paletter (consult a designer) could make the visualizations better for a wider audience. I noticed myself wanting the complexity of the music represented by the visualization - and was lost when it was oversimplified. Is there a block in which participants view a live performance (with no visualizations)? How would that data compare?",18.03 5 M;25.39 4 M;30.88 5 M;85.98 4 M;140.54 3 M;169.25 4 M;181.98 3 M;226.16 4 M;336.07 3 M;354.64 4 M;358.83 2 M;370.27 3 M;371.72 4 M;379.2 5 M;454.84 2 M;460.34 3 M;492.27 4 M;511.14 3 M;573.58 4 M;575.91 5 M;621 3 M;642.03 4 M;643.25 5 M;672.99 3 M;687.66 4 M;694.16 5 M;701.38 2 50;701.38 4 52;,,,8.44 4 M;22.46 2 M;24.76 3 M;25.83 4 M;56.89 5 M;167.99 2 M;170.61 1 M;182.72 3 M;200.06 2 M;255.66 3 M;295.46 4 M;330.96 3 M;332 2 M;369.79 3 M;453.32 4 M;579 3 M;678.58 4 M;695.72 5 M;704.46 2 50;704.46 4 52;
2022-07-19 15:01:56,2022-07-19 22:49:06,28029,2022-07-19 22:49:06,4,5,3,4,2,4,1,2,6,3,4,4,4,3,3,1,3,39,2,3,"",392.32 4 M;700.82 3 51;,,,628.48 4 M;631.03 3 M;703.97 3 51;
2022-07-20 02:16:16,2022-07-20 02:46:12,1796,2022-07-20 02:46:13,4,5,4,4,1,5,2,7,7,4,5,5,4,1,4,2,3,51,2,4,"",15.32 5 M;33.15 4 M;90.03 5 M;101.19 4 M;367.75 3 M;414.05 4 M;578.71 5 M;700.82 5 53;700.82 1 49;,,45.02 4 M;700.82 5 53;700.82 1 49;,
2022-07-20 02:25:03,2022-07-20 02:56:32,1889,2022-07-20 02:56:33,3,4,3,3,4,2,2,1,3,3,4,3,4,3,2,2,3,25,1,3,"",12.01 5 M;27.92 3 M;38.85 5 M;72.75 4 M;123.74 3 M;157.09 4 M;240.94 3 M;362.93 4 M;371.41 5 M;379.91 4 M;403.64 3 M;460.84 4 M;479.04 3 M;577.1 4 M;585.39 3 M;700.82 2 98;700.82 5 101;,,,13.56 5 M;37.23 3 M;39.7 4 M;223.61 5 M;230.76 4 M;250.64 5 M;255.35 4 M;277.83 5 M;286.65 4 M;330.97 5 M;332.81 4 M;350.04 5 M;378.9 3 M;444.62 4 M;701.39 2 98;701.39 5 101;
2022-07-20 08:36:14,2022-07-20 09:35:27,3552,2022-07-20 09:35:28,5,5,5,5,3,4,1,5,7,4,4,5,5,3,4,1,3,26,1,7,"I think this tool may be very nice for pedagogical purposes related to music listening and analysis. I felt that the pitch, note duration, and some oscillations in the tone (like trills) were perfectly noticeable. The thing I found more strange was the fact that the music line did not evolve ""forward"", so sometimes a new theme would appear in the left side when others already playing were in the right side. This ""pulse contradiction"" was a bit disturbing to me - i feel like something new should appear to the right. Congratulations on the great work!",,18.68 5 M;27.53 5 M;36.63 5 M;38.56 5 M;42.77 5 M;104.85 5 M;128.43 4 M;142.82 3 M;153.4 3 M;174.2 1 M;183.35 5 M;213.6 4 M;224.38 1 M;234.2 5 M;271.36 4 M;278.78 2 M;283 1 M;298.06 2 M;304.9 2 M;311.67 5 M;316.79 4 M;340.8 5 M;349.69 1 M;363.09 4 M;371.51 5 M;382.48 5 M;419.77 5 M;429.35 5 M;436.51 5 M;457.8 3 M;473.24 4 M;487.26 5 M;496.55 4 M;506.4 4 M;564.42 4 M;577.98 5 M;591.88 2 M;594.94 3 M;600.33 5 M;617.06 1 M;621.04 4 M;631.73 4 M;645.34 4 M;669.75 3 M;681.81 5 M;704.46 2 50;704.46 1 37;704.46 1 37;704.46 1 37;704.46 1 37;704.46 1 37;704.46 1 37;704.46 1 37;704.46 2 50;704.46 2 50;704.46 2 50;704.46 2 50;704.46 3 39;704.46 4 39;704.46 5 39;704.46 5 39;704.46 5 39;704.46 5 39;704.46 5 39;704.46 5 39;704.46 5 39;704.46 5 39;704.46 5 39;704.46 5 39;704.46 5 39;704.46 5 39;704.46 5 39;704.46 5 39;704.46 5 39;704.46 5 39;704.46 1 49;,11.04 5 M;24.99 5 M;38.32 5 M;53.66 5 M;74.92 5 M;93.39 5 M;127.54 4 M;156.47 3 M;168.23 4 M;204.09 4 M;247.46 5 M;255.96 5 M;282.5 4 M;297.05 5 M;329.79 2 M;343.3 3 M;361.81 5 M;369.11 5 M;377.94 5 M;398.39 5 M;422.83 5 M;473.05 5 M;480.34 5 M;493.06 5 M;494.3 5 M;509.14 5 M;523.11 4 M;539.05 5 M;547 4 M;553.67 5 M;568.33 5 M;579.09 5 M;587.73 5 M;603.6 4 M;607.15 5 M;627.54 5 M;671.22 4 M;677.36 5 M;700.82 2 50;700.82 1 37;700.82 1 37;700.82 1 37;700.82 1 37;700.82 1 37;700.82 1 37;700.82 1 37;700.82 2 50;700.82 2 50;700.82 2 50;700.82 2 50;700.82 3 39;700.82 4 39;700.82 5 39;700.82 5 39;700.82 5 39;700.82 5 39;700.82 5 39;700.82 5 39;700.82 5 39;700.82 5 39;700.82 5 39;700.82 5 39;700.82 5 39;700.82 5 39;700.82 5 39;700.82 5 39;700.82 5 39;700.82 5 39;700.82 1 49;,
2022-07-23 02:09:31,2022-07-23 02:37:55,1703,2022-07-23 02:37:56,5,5,5,5,1,4,3,6,7,5,5,5,5,1,3,3,3,45,2,6,"",,26.38 5 M;81.43 5 M;81.97 5 M;173.04 1 M;182.55 5 M;296.51 5 M;364.71 2 M;424.27 3 M;464.61 4 M;521.18 5 M;577.76 5 M;578.19 5 M;583.48 5 M;602.68 5 M;649.13 5 M;679.17 5 M;683.78 5 M;704.46 4 52;704.46 5 53;,14.19 5 M;36.76 5 M;110.09 5 M;282.75 5 M;365.04 4 M;399.73 5 M;524.79 4 M;542.35 5 M;549.46 4 M;563.37 3 M;566.64 4 M;596.89 5 M;697.32 4 52;697.32 5 53;,
2022-07-23 09:09:50,2022-07-23 09:47:32,2261,2022-07-23 09:47:32,4,4,4,2,4,2,2,1,4,4,4,4,2,4,2,2,3,44,2,4,"Found the two versions quite similar, the visual apperance reminded me of the Intonia app, so was maybe primed to read the dots as instrument tones with frequency running vertically.",17.74 5 M;56.7 4 M;73.41 3 M;90.65 4 M;136.92 3 M;199.21 2 M;224.54 1 M;229.63 2 M;282.88 3 M;369.66 4 M;409.41 5 M;432.57 4 M;473.72 5 M;538.6 4 M;575.87 5 M;644.14 4 M;662.62 3 M;682 5 M;700.82 4 100;700.82 4 100;700.82 4 100;,,18.31 5 M;57.31 4 M;97.36 3 M;166.15 4 M;188.95 3 M;262.41 4 M;326.47 3 M;339.39 2 M;356.04 3 M;360.9 5 M;507.72 4 M;520.74 3 M;557.35 4 M;574.21 5 M;592.42 4 M;616.04 3 M;622.93 4 M;658.51 3 M;678.39 5 M;701.14 4 100;701.14 4 100;701.14 4 100;,
2022-07-25 07:32:31,2022-07-25 07:44:03,691,2022-07-25 07:44:04,4,4,3,3,1,4,2,2,5,4,3,3,3,2,2,2,4,72,2,5,"",58.75 4 M;152.33 2 50;,,,69.48 4 M;190.55 2 50;
2022-07-25 07:45:44,2022-07-25 08:00:39,894,2022-07-25 08:00:39,3,3,2,3,3,2,2,4,5,4,4,4,5,3,4,4,3,NaN,4,4,"",33.05 4 M;57.72 4 M;73.6 3 M;97.58 2 M;109.57 2 M;125.53 1 M;136.43 2 M;149.24 3 M;155.19 2 M;184.89 3 M;196.08 2 M;216.88 3 M;218.21 2 M;280.02 3 M;303.01 2 M;,,,11.31 5 M;26.07 4 M;73.93 3 M;89.81 4 M;126.71 3 M;157.54 4 M;162.01 3 M;180.25 4 M;226.85 3 M;261.85 4 M;
2022-07-25 07:30:32,2022-07-25 08:28:44,3491,2022-07-25 08:28:44,5,5,5,5,3,4,3,4,7,5,5,5,5,3,3,3,3,42,2,7,"",14.31 5 M;28.41 5 M;75.16 5 M;75.37 5 M;75.54 5 M;75.71 5 M;95.48 4 M;106.84 3 M;139.64 4 M;187.91 5 M;282.37 3 M;287.5 4 M;398.87 5 M;575.26 5 M;575.79 5 M;575.97 5 M;576.14 5 M;576.34 5 M;577.01 5 M;577.24 5 M;700.82 4 52;700.82 2 50;,,499.38 5 M;700 4 52;700 2 50;,
2022-07-25 09:22:16,2022-07-25 09:31:28,552,2022-07-25 09:31:29,5,5,4,4,2,4,4,6,7,5,5,4,4,2,4,4,3,28,2,6,"",695.41 2 50;,,223.67 2 50;,
2022-07-25 10:06:38,2022-07-25 10:09:50,192,2022-07-25 10:09:51,5,5,5,5,5,5,3,6,7,4,4,5,5,5,5,3,3,32,2,5,"Nice work! Very cool! ",,13.77 5 M;45.77 3 51;45.77 2 50;45.77 1 49;45.77 1 49;,,31.68 3 51;31.68 2 50;31.68 1 49;31.68 1 49;
2022-07-25 10:20:07,2022-07-25 10:26:12,365,2022-07-25 10:26:13,5,5,4,4,3,3,3,7,7,5,5,4,4,3,3,3,3,46,2,7,"",33.79 5 M;658.95 4 52;,,,474.38 5 M;681.49 4 52;
2022-07-25 10:28:30,2022-07-25 10:37:10,519,2022-07-25 10:37:11,5,5,3,2,4,2,1,7,7,5,3,1,2,2,1,1,3,58,2,4,"",,12.69 5 M;87.5 3 M;109.98 2 M;115.99 3 M;139.68 4 M;147.98 5 101;,14.56 5 M;97.59 5 101;,
2022-07-26 01:25:00,2022-07-26 01:38:05,785,2022-07-26 01:38:06,4,2,2,2,4,2,1,1,5,4,2,2,3,4,2,1,3,41,2,4,"",203.45 2 M;207.3 4 52;207.3 1 49;,,112.14 3 M;142.15 3 M;144.58 2 M;152.18 3 M;156.2 4 52;156.2 1 49;,
2022-07-26 02:58:58,2022-07-26 03:07:40,521,2022-07-26 03:07:41,4,3,3,1,5,1,1,7,7,3,3,3,2,5,1,2,3,45,1,7,"The contrapuntal visualisations are on the right track, but the entry points of the answering voices are utterly incorrect. The visualisations currently don't consider the *timeline* of subsequent entries; plotting the answering voices as overlapping the original voice, is enormously unclear in dynamic visualisation - this should be saved for static visualisation (subject and answer, etc.). The graphics would benefit from zooming OUT (to scale) at the beginning, and clearly illustrating the subject and answering voices WHEN they occur at the exact musical timepoints. These dynamic graphs can be supported by static representations of the subject/answer outlines, on a simple stave (score reduction). Your listeners/watchers will see the musical ""shapes"" much more clearly if they are graphically rendered to scale, colour coded, and higher-level (zoomed out) shapes are drawn to affirm the melodic contours. Keep going - good work to start with. ",40.27 4 M;43.9 4 52;43.9 5 53;43.9 5 39;43.9 5 39;43.9 5 39;43.9 5 39;43.9 5 39;43.9 5 39;43.9 5 39;43.9 5 39;43.9 5 39;,,27.65 4 M;32.44 4 52;32.44 5 53;32.44 5 39;32.44 5 39;32.44 5 39;32.44 5 39;32.44 5 39;32.44 5 39;32.44 5 39;32.44 5 39;32.44 5 39;,
2022-07-26 10:58:47,2022-07-26 11:26:33,1665,2022-07-26 11:26:34,3,4,3,3,2,3,1,6,6,3,4,4,4,2,3,2,3,27,2,6,"",17.68 5 M;33.92 4 M;65.36 5 M;78.54 3 M;112.87 2 M;127.06 1 M;152.16 3 M;349.15 3 M;368.31 5 M;393.59 5 M;404.65 4 M;420.27 3 M;468.42 2 M;480.38 3 M;557.65 4 M;566.07 3 M;576.52 5 M;597.34 3 M;700.82 2 50;,,87.51 5 M;229.26 4 M;240.03 2 M;260.21 2 50;,
2022-07-27 00:14:18,2022-07-27 00:42:58,1719,2022-07-27 00:42:58,4,5,5,5,2,5,2,6,7,5,4,5,5,1,5,3,3,28,2,7,"",,11.18 5 M;43.67 4 M;154.87 3 M;163.67 2 M;194.42 4 M;351.49 3 M;362.83 4 M;432.44 5 M;654.05 4 M;699.5 2 50;,8.42 5 M;109.51 4 M;303.82 3 M;345.58 4 M;350.92 3 M;361.76 5 M;553.57 4 M;692.67 5 M;697.35 2 50;,
2022-07-27 04:25:51,2022-07-27 04:53:57,1686,2022-07-27 04:53:58,5,5,5,5,1,5,1,2,2,5,5,5,5,1,5,1,3,45,2,2,"",,19.31 5 M;36.8 3 M;52.32 1 M;65.27 4 M;83.48 3 M;107.19 1 M;153.06 3 M;165.87 1 M;185.32 3 M;219.58 1 M;231.37 3 M;279.86 1 M;291.14 3 M;329.78 1 M;338.5 3 M;349.04 1 M;365.29 5 M;384.03 4 M;467.52 2 M;479.85 4 M;576.56 5 M;614.09 3 M;622.03 4 M;652.94 3 M;681.43 4 M;704.5 4 52;704.5 5 53;,,10.88 5 M;32.29 4 M;283.33 3 M;286.95 4 M;465.23 5 M;702.61 4 52;702.61 5 53;
2022-07-27 01:30:58,2022-07-27 06:26:27,17728,2022-07-27 06:26:28,3,2,4,3,3,2,1,3,2,3,3,2,4,2,3,2,3,48,2,3,"",,20.51 4 M;35.75 3 M;70.4 4 M;79.36 3 M;87.75 2 M;89.57 3 M;100.39 2 M;120.65 1 M;129.98 2 M;144.75 1 M;183.25 2 M;200.59 1 M;217.43 4 52;,,11.1 4 M;76.49 3 M;107.06 2 M;163.23 1 M;188.1 2 M;354.06 4 52;
2022-07-27 09:12:16,2022-07-27 09:41:03,1726,2022-07-27 09:41:04,4,2,4,2,3,3,2,3,5,4,3,3,3,4,2,2,3,NaN,2,4,"",,17.89 5 M;79.21 2 M;93.99 4 M;138.21 2 M;150.87 1 M;189.71 3 M;230.15 2 M;259.45 4 M;273.75 2 M;372.09 4 M;376.79 3 M;570.44 2 M;675.25 1 M;677.87 3 M;,33.45 4 M;94.53 3 M;156.33 2 M;285.32 3 M;299.51 2 M;369.73 3 M;369.96 3 M;436.92 2 M;600.25 4 M;683.76 2 M;686.93 3 M;,
2022-07-27 10:33:06,2022-07-27 10:43:11,604,2022-07-27 10:43:11,5,3,4,4,5,1,1,2,2,4,1,1,1,1,1,1,4,58,1,4,"Thank you very much for the opportunity to participate. If I were a professional musician maybe the visualization would be helpful as a technical means. But as an amateur musician or music loving, it distracted me from ""hearing"" the piece because I focused on the visuals.  My best regards",,73.26 3 M;77.4 5 101;,,62.13 3 M;64.86 4 M;70.99 5 101;
2022-07-27 10:24:53,2022-07-27 10:58:34,2021,2022-07-27 10:58:35,5,5,3,5,3,1,1,7,7,5,5,4,4,3,1,1,3,46,2,7,"Thank you for taking the time to create this visualization. After acclimating to the visualization, it became clear what was being demonstrated. In particular, the mustard-colored bars as denoting a fundamental source object that each instrument was partaking of, either in full or in part. However, it was rather unfortunate that any ""free"" materials (no partaking of the source object) were invisible from the visualization. Are these lines any less important? They are integral because they act as momentary respite from the source object, and to leave them out creates a hierarchy of listening and looking (that you have built into the system). It is as though you, the analyst, have a grad idea about what is central to this music, and you have thereby placed other parts of the music on the periphery. Both the full score and the attentive listener hear the totality of the musical material, whereas your visualization asks the participant to actively ignore certain aspects. It would be useful to visualize the ""free"" lines somehow. Also, there were moments when the system was ""tagging"" small melodic fragments as part of the Source Object, when in reality the fragments were so small as to be found in different parts of the source object, or even classified as ""free."" Therefore, there were times when the analytical engine was making connections that were weak. Overall, however, I appreciate the great efforts and learned many things from your research. Thank you.  ",,25.19 5 M;109.16 2 M;128.19 4 M;146.04 3 M;156.75 2 M;184.66 4 M;225.37 2 M;234.13 5 M;257.95 4 M;318.27 3 M;347.74 2 M;353.53 1 M;361.07 3 M;379.04 4 M;391.99 3 M;425.54 4 M;458.17 3 M;461.29 2 M;479.44 3 M;501.09 4 M;508.9 5 M;653.25 4 M;672.68 2 M;677.74 5 M;703.74 4 52;703.74 5 39;703.74 5 39;703.74 5 39;703.74 5 39;703.74 5 39;703.74 5 39;703.74 5 39;703.74 5 39;703.74 5 39;703.74 5 39;703.74 5 39;703.74 5 39;703.74 5 39;703.74 5 39;703.74 5 39;703.74 5 39;703.74 5 39;703.74 5 39;703.74 5 39;703.74 5 39;703.74 5 39;703.74 5 39;703.74 5 39;703.74 5 39;703.74 5 39;703.74 5 39;703.74 5 39;703.74 5 39;703.74 5 39;703.74 5 39;703.74 5 39;703.74 5 39;703.74 5 39;703.74 5 39;703.74 5 39;703.74 5 39;703.74 5 39;703.74 5 39;703.74 5 39;703.74 5 39;703.74 5 39;703.74 5 39;703.74 5 39;703.74 5 39;,9.36 5 M;125.79 4 M;155.65 5 M;382.95 4 M;397.95 5 M;455.03 4 M;456.26 3 M;477.65 4 M;483.67 5 M;575.66 4 M;577.6 5 M;627.63 3 M;641.93 4 M;650.59 5 M;670.72 3 M;675.5 5 M;699.93 4 52;699.93 5 39;699.93 5 39;699.93 5 39;699.93 5 39;699.93 5 39;699.93 5 39;699.93 5 39;699.93 5 39;699.93 5 39;699.93 5 39;699.93 5 39;699.93 5 39;699.93 5 39;699.93 5 39;699.93 5 39;699.93 5 39;699.93 5 39;699.93 5 39;699.93 5 39;699.93 5 39;699.93 5 39;699.93 5 39;699.93 5 39;699.93 5 39;699.93 5 39;699.93 5 39;699.93 5 39;699.93 5 39;699.93 5 39;699.93 5 39;699.93 5 39;699.93 5 39;699.93 5 39;699.93 5 39;699.93 5 39;699.93 5 39;699.93 5 39;699.93 5 39;699.93 5 39;699.93 5 39;699.93 5 39;699.93 5 39;699.93 5 39;699.93 5 39;,
2022-07-28 06:49:16,2022-07-28 07:17:54,1718,2022-07-28 07:17:55,3,3,4,2,3,2,1,5,4,3,4,4,3,4,1,1,3,28,1,5,"",,13.82 2 M;28.48 3 M;44.36 4 M;48.21 3 M;87.59 2 M;116.66 3 M;175.02 2 M;258.74 3 M;279.66 2 M;310.81 1 M;368.21 3 M;374.75 4 M;596.41 2 M;599.88 3 M;606.77 4 M;618.61 2 M;621.63 3 M;674.99 2 M;679.16 3 M;704.46 2 50;,,19.16 3 M;42.85 4 M;70.52 5 M;163.16 3 M;172.54 2 M;182.69 3 M;192.18 4 M;262.66 5 M;325.4 4 M;380.79 3 M;436.1 4 M;679.16 3 M;682.79 2 M;688.56 3 M;704.46 2 50;
2022-07-28 03:11:46,2022-07-28 10:09:00,25034,2022-07-28 10:09:01,5,4,5,5,2,4,1,7,7,4,3,3,4,3,3,1,3,42,2,5,"",,12.3 5 M;371.92 4 M;400.11 5 M;523.91 4 M;532.01 5 M;703.98 4 52;703.98 2 50;,14.39 5 M;168.3 4 M;180.8 5 M;221.78 4 M;233.22 5 M;315.06 4 M;338.65 5 M;521.15 4 M;539.33 5 M;555.99 4 M;569.31 5 M;630.65 4 M;637.43 5 M;698.94 4 52;698.94 2 50;,
2022-07-29 16:32:23,2022-07-29 16:52:07,1184,2022-07-29 16:52:08,5,5,5,5,1,5,5,5,5,5,5,5,5,1,5,5,3,61,2,3,"None at all, I would advise to send more more notifications about these interesting expreiments.",89.68 5 M;699.43 1 49;,,105.54 1 49;,
2022-08-02 15:12:06,2022-08-02 15:40:46,1720,2022-08-02 15:40:47,5,5,4,4,2,4,1,5,7,5,4,5,4,2,4,1,3,39,2,7,"",,702.4 5 M;704.46 3 51;,,698.64 5 M;704.46 3 51;
2022-08-06 19:39:22,2022-08-06 20:31:02,3099,2022-08-06 20:31:03,4,5,5,5,1,4,3,2,7,5,5,5,5,1,5,3,3,32,1,7,"",16.8 4 M;39.75 5 M;72.06 4 M;89.87 5 M;137.15 4 M;186.09 5 M;229.64 4 M;359.64 3 M;366.44 4 M;409.31 3 M;449.4 4 M;518.73 3 M;583.18 4 M;639.35 3 M;700.24 3 51;700.24 2 50;,,36.99 4 M;93.84 5 M;349.99 4 M;360.22 3 M;363.49 4 M;684.1 5 M;696.3 3 51;696.3 2 50;,
2022-08-07 02:08:41,2022-08-07 02:13:37,296,2022-08-07 02:13:38,5,3,4,5,4,5,5,6,4,5,4,3,4,5,5,5,2,66,1,2,"",,0 4 M;,,
2022-08-07 02:58:03,2022-08-07 03:11:36,813,2022-08-07 03:11:37,4,5,5,5,3,4,2,5,6,4,5,4,4,3,4,2,NaN,24,2,7,"",,148.71 4 M;693.67 2 50;693.67 4 52;,,30.77 2 50;30.77 4 52;
2022-08-07 06:28:27,2022-08-07 07:49:26,4859,2022-08-07 07:49:27,4,5,4,4,2,3,1,3,5,5,5,5,4,2,4,3,3,62,1,5,"",,21.21 4 M;63.25 5 M;89.35 3 M;105.93 2 M;130.08 4 M;161.09 2 M;174.98 3 M;199.3 4 M;248.51 3 M;264.26 4 M;297.92 3 M;331.03 2 M;343.11 3 M;383.74 4 M;424.19 4 M;444.86 3 M;497.36 4 M;612.97 5 M;644.64 3 M;683.36 4 M;704.46 2 50;,35.66 4 M;67.13 5 M;86.77 4 M;101.95 3 M;130.31 4 M;191.36 3 M;262.03 4 M;295.23 3 M;327.76 4 M;366.13 5 M;700.82 2 50;,
2022-08-07 10:05:40,2022-08-07 10:37:41,1920,2022-08-07 10:37:42,4,4,2,1,1,1,1,4,6,3,4,3,1,1,1,1,3,61,2,4,"It would have been appreciated to have received an explanation of what was occurring in the video after the questions were completed.",,13.74 5 M;130.77 4 M;170.32 1 M;180.42 4 M;329.82 3 M;369.97 2 M;399.77 4 M;618.68 2 M;704.46 1 49;,,35.62 3 M;382.94 4 M;468.08 3 M;625.75 2 M;655.29 3 M;686.98 2 M;704.04 1 49;
2022-08-07 10:51:27,2022-08-07 11:00:35,547,2022-08-07 11:00:35,1,1,1,1,5,1,1,6,7,5,5,5,1,5,5,1,NaN,82,1,7,"Live is always best",,0 1 M;,0 5 M;0 2 50;,
2022-08-07 11:23:46,2022-08-07 11:52:01,1695,2022-08-07 11:52:02,2,1,1,2,5,1,1,1,4,3,2,1,1,5,1,1,3,NaN,2,3,"",14.22 4 M;65.68 3 M;116.29 1 M;157.65 2 M;180.24 1 M;370.26 3 M;448.33 1 M;556.32 4 M;608.99 1 M;,,,25.05 4 M;46.47 2 M;74.2 1 M;191.8 4 M;210.61 1 M;235.37 4 M;257.69 1 M;366.16 2 M;443.68 3 M;515.86 2 M;550.24 1 M;
2022-08-07 11:43:09,2022-08-07 12:21:22,2293,2022-08-07 12:21:22,5,5,5,1,4,2,1,7,7,5,4,4,4,4,2,1,3,46,1,7,"I have a remark about the second question in the 1st experiment in which we are asked which audio segment was preferred. It was interesting to me that I preferred the second audio which contained a few ""mistakes"" and ""untogetherness"". This audio sounded more human to me and moved me yet as a musician I try to strive for the perfectness of the first audio example of the Haydn. ",57.24 3 M;231.53 4 M;489.17 5 M;700.4 4 52;700.4 1 49;700.4 1 37;700.4 1 37;700.4 1 37;700.4 1 37;700.4 1 37;700.4 1 37;700.4 1 37;700.4 1 37;700.4 1 37;700.4 1 37;700.4 1 37;700.4 1 37;700.4 1 37;700.4 1 37;700.4 1 37;700.4 1 37;700.4 1 37;700.4 1 37;700.4 1 37;700.4 1 37;700.4 1 37;700.4 1 37;700.4 1 37;700.4 1 37;700.4 1 37;700.4 1 37;700.4 1 37;700.4 1 37;700.4 1 37;700.4 1 37;700.4 1 37;700.4 1 37;700.4 1 37;700.4 1 37;700.4 1 37;700.4 1 37;700.4 1 37;700.4 1 37;700.4 1 37;700.4 1 37;700.4 1 37;700.4 1 37;700.4 1 37;700.4 1 37;700.4 1 37;700.4 1 37;700.4 1 37;700.4 1 37;700.4 1 37;700.4 1 37;700.4 1 37;700.4 1 37;700.4 1 37;700.4 1 37;700.4 1 37;700.4 1 37;700.4 1 37;700.4 1 37;700.4 1 37;700.4 1 37;700.4 1 37;700.4 1 37;700.4 1 37;700.4 1 37;700.4 1 37;700.4 1 37;700.4 1 37;700.4 1 37;700.4 1 37;700.4 1 37;700.4 1 37;700.4 1 37;700.4 1 37;700.4 1 37;700.4 1 37;700.4 1 37;700.4 1 37;700.4 1 37;700.4 1 37;700.4 1 37;700.4 1 37;700.4 1 37;700.4 1 37;700.4 1 37;700.4 1 37;700.4 1 37;700.4 1 37;700.4 1 37;700.4 1 37;700.4 1 37;700.4 1 37;700.4 1 37;700.4 1 37;700.4 1 37;700.4 1 37;700.4 1 37;700.4 1 37;700.4 1 37;700.4 1 37;700.4 1 37;700.4 1 37;700.4 1 37;700.4 1 37;700.4 1 37;700.4 1 37;700.4 1 37;700.4 1 37;700.4 1 37;700.4 1 37;700.4 1 37;700.4 1 37;700.4 1 37;700.4 1 37;700.4 1 37;700.4 1 37;700.4 1 37;700.4 1 37;700.4 1 37;700.4 1 37;700.4 1 37;700.4 1 37;700.4 1 37;700.4 1 37;700.4 1 37;700.4 1 37;700.4 1 37;700.4 1 37;700.4 1 37;700.4 1 37;700.4 1 37;700.4 1 37;700.4 1 37;700.4 1 37;700.4 1 37;700.4 1 37;700.4 1 37;700.4 1 37;700.4 1 37;700.4 1 37;700.4 1 37;700.4 1 37;700.4 1 37;700.4 1 37;700.4 1 37;700.4 1 37;700.4 1 37;700.4 1 37;700.4 1 37;700.4 1 37;700.4 1 37;700.4 1 37;700.4 1 37;700.4 1 37;700.4 1 37;700.4 1 37;700.4 1 37;700.4 1 37;700.4 1 37;700.4 1 37;700.4 1 37;700.4 1 37;700.4 1 37;700.4 1 37;700.4 1 37;700.4 1 37;700.4 1 37;700.4 1 37;700.4 1 37;700.4 1 37;700.4 1 37;700.4 1 37;700.4 1 37;700.4 1 37;700.4 1 37;700.4 1 37;700.4 1 37;700.4 1 37;700.4 1 37;700.4 1 37;700.4 1 37;700.4 1 37;700.4 1 37;700.4 1 37;700.4 1 37;700.4 1 37;700.4 1 37;700.4 1 37;700.4 1 37;700.4 1 37;700.4 1 37;700.4 1 37;700.4 1 37;700.4 1 37;700.4 1 37;700.4 1 37;700.4 1 37;700.4 1 37;700.4 1 37;700.4 1 37;700.4 1 37;700.4 1 37;700.4 1 37;700.4 1 37;700.4 1 37;700.4 1 37;700.4 1 37;700.4 1 37;700.4 1 37;700.4 1 37;700.4 1 37;700.4 1 37;700.4 1 37;700.4 1 37;700.4 1 37;700.4 1 37;700.4 1 37;700.4 1 37;700.4 1 37;700.4 1 37;700.4 1 37;700.4 1 37;700.4 1 37;700.4 1 37;700.4 1 37;700.4 1 37;700.4 1 37;700.4 1 37;700.4 1 37;700.4 1 37;700.4 1 37;700.4 1 37;700.4 1 37;700.4 1 37;700.4 1 37;700.4 1 37;700.4 1 37;700.4 1 37;700.4 1 37;700.4 1 37;700.4 1 37;700.4 1 37;700.4 1 37;700.4 1 37;700.4 1 37;700.4 1 37;700.4 1 37;700.4 1 37;700.4 1 37;700.4 1 37;700.4 1 37;700.4 1 37;700.4 1 37;700.4 1 37;700.4 1 37;700.4 1 37;700.4 1 37;700.4 1 37;700.4 1 37;700.4 1 37;700.4 1 37;700.4 1 37;700.4 1 37;700.4 1 37;700.4 1 37;700.4 1 37;700.4 1 37;700.4 1 37;700.4 1 37;700.4 1 37;700.4 1 37;700.4 1 37;700.4 1 37;700.4 1 37;700.4 1 37;700.4 1 37;700.4 1 37;700.4 1 37;700.4 1 37;700.4 1 37;700.4 1 37;700.4 1 37;700.4 1 37;700.4 1 37;700.4 1 37;700.4 1 37;700.4 1 37;700.4 1 37;700.4 1 37;700.4 1 37;700.4 1 37;700.4 2 39;700.4 3 39;700.4 4 39;700.4 5 39;700.4 5 39;700.4 5 39;700.4 5 39;700.4 5 39;700.4 5 39;700.4 5 39;700.4 5 39;700.4 5 39;700.4 5 39;700.4 5 39;700.4 5 39;700.4 5 39;700.4 5 39;700.4 5 39;700.4 5 39;700.4 5 39;700.4 5 39;700.4 5 39;700.4 5 39;700.4 5 39;700.4 5 39;700.4 5 39;700.4 5 39;700.4 5 39;700.4 5 39;700.4 5 39;700.4 5 39;700.4 5 39;700.4 5 39;700.4 5 39;700.4 5 39;700.4 5 39;700.4 5 39;700.4 5 39;700.4 5 39;700.4 5 39;700.4 5 39;700.4 5 39;700.4 5 39;700.4 5 39;700.4 5 39;700.4 5 39;700.4 5 39;700.4 5 39;700.4 5 39;700.4 5 39;700.4 5 39;700.4 5 39;700.4 5 39;700.4 5 39;700.4 5 39;700.4 5 39;700.4 5 39;700.4 5 39;700.4 5 39;700.4 5 39;700.4 5 39;700.4 5 39;700.4 5 39;700.4 5 39;700.4 5 39;700.4 5 39;700.4 5 39;700.4 5 39;700.4 5 39;700.4 5 39;700.4 5 39;700.4 5 39;700.4 5 39;700.4 5 39;700.4 5 39;700.4 5 39;700.4 5 39;700.4 5 39;700.4 5 39;700.4 5 39;700.4 5 39;700.4 5 39;700.4 5 39;700.4 5 39;700.4 5 39;700.4 5 39;700.4 5 39;700.4 5 39;700.4 5 39;700.4 5 39;700.4 5 39;700.4 5 39;700.4 5 39;700.4 5 39;700.4 5 39;700.4 5 39;700.4 5 39;700.4 5 39;700.4 5 39;700.4 5 39;700.4 5 39;700.4 5 39;700.4 5 39;700.4 5 39;700.4 5 39;700.4 5 39;700.4 5 39;700.4 5 39;700.4 5 39;700.4 5 39;700.4 5 39;700.4 5 39;700.4 5 39;700.4 5 39;700.4 5 39;700.4 5 39;700.4 5 39;700.4 5 39;700.4 5 39;700.4 5 39;700.4 5 39;700.4 5 39;700.4 5 39;700.4 5 39;700.4 5 39;700.4 5 39;700.4 5 39;700.4 5 39;700.4 5 39;700.4 5 39;700.4 5 39;700.4 5 39;700.4 5 39;700.4 5 39;700.4 5 39;700.4 5 39;700.4 5 39;700.4 5 39;700.4 5 39;700.4 5 39;700.4 5 39;700.4 5 39;700.4 5 39;700.4 5 39;700.4 5 39;700.4 5 39;700.4 5 39;700.4 5 39;700.4 5 39;700.4 5 39;700.4 5 39;700.4 5 39;700.4 5 39;700.4 5 39;700.4 5 39;700.4 5 39;700.4 5 39;700.4 5 39;700.4 5 39;700.4 5 39;700.4 5 39;700.4 5 39;700.4 5 39;700.4 5 39;700.4 5 39;700.4 5 39;700.4 5 39;700.4 5 39;700.4 5 39;700.4 5 39;700.4 5 39;700.4 5 39;700.4 5 39;700.4 5 39;700.4 5 39;700.4 5 39;700.4 5 39;700.4 5 39;700.4 5 39;700.4 5 39;700.4 5 39;700.4 5 39;700.4 5 39;700.4 5 39;700.4 5 39;700.4 5 39;700.4 5 39;700.4 5 39;700.4 5 39;700.4 5 39;700.4 5 39;700.4 5 39;700.4 5 39;700.4 5 39;700.4 5 39;700.4 5 39;700.4 5 39;700.4 5 39;700.4 5 39;700.4 5 39;700.4 5 39;700.4 5 39;700.4 5 39;700.4 5 39;700.4 5 39;700.4 5 39;700.4 5 39;700.4 5 39;700.4 5 39;700.4 5 39;700.4 5 39;700.4 5 39;700.4 5 39;700.4 5 39;700.4 5 39;700.4 5 39;700.4 5 39;700.4 5 39;700.4 5 39;700.4 5 39;700.4 5 39;700.4 5 39;700.4 5 39;700.4 5 39;700.4 5 39;700.4 5 39;700.4 5 39;700.4 5 39;700.4 5 39;700.4 5 39;700.4 5 39;700.4 5 39;700.4 5 39;700.4 5 39;700.4 5 39;700.4 5 39;700.4 5 39;700.4 5 39;700.4 5 39;700.4 5 39;700.4 5 39;700.4 5 39;700.4 5 39;700.4 5 39;700.4 5 39;700.4 5 39;700.4 5 39;700.4 5 39;700.4 5 39;700.4 5 39;700.4 5 39;700.4 5 39;700.4 5 39;700.4 5 39;700.4 5 39;700.4 5 39;700.4 5 39;700.4 5 39;700.4 5 39;700.4 5 39;700.4 5 39;700.4 5 39;700.4 5 39;700.4 5 39;700.4 5 39;700.4 5 39;700.4 5 39;700.4 5 39;700.4 5 39;700.4 5 39;700.4 5 39;700.4 5 39;700.4 5 39;700.4 5 39;700.4 5 39;700.4 5 39;700.4 5 39;700.4 5 39;700.4 5 39;700.4 5 39;700.4 5 39;700.4 5 39;700.4 5 39;700.4 5 39;700.4 5 39;700.4 5 39;700.4 5 39;700.4 5 39;700.4 5 39;700.4 5 39;700.4 5 39;700.4 5 39;700.4 5 39;700.4 5 39;700.4 5 39;700.4 5 39;700.4 5 39;700.4 5 39;700.4 5 39;700.4 5 39;700.4 5 39;700.4 5 39;700.4 5 39;700.4 5 39;700.4 5 39;700.4 5 39;700.4 5 39;700.4 5 39;700.4 5 39;700.4 5 39;700.4 5 39;700.4 5 39;700.4 5 39;700.4 5 39;700.4 5 39;700.4 5 39;700.4 5 39;700.4 5 39;700.4 5 39;700.4 5 39;700.4 5 39;700.4 5 39;700.4 5 39;700.4 5 39;700.4 5 39;700.4 5 39;700.4 5 39;700.4 5 39;700.4 5 39;700.4 5 39;700.4 5 39;700.4 5 39;700.4 5 39;700.4 5 39;700.4 5 39;700.4 5 39;700.4 5 39;700.4 5 39;700.4 5 39;700.4 5 39;700.4 5 39;700.4 5 39;700.4 5 39;700.4 5 39;700.4 5 39;700.4 5 39;700.4 5 39;700.4 5 39;700.4 5 39;700.4 5 39;700.4 5 39;700.4 5 39;700.4 5 39;700.4 5 39;700.4 5 39;700.4 5 39;700.4 5 39;700.4 5 39;700.4 5 39;700.4 5 39;700.4 5 39;700.4 5 39;700.4 5 39;700.4 5 39;700.4 5 39;700.4 5 39;700.4 5 39;700.4 5 39;700.4 5 39;700.4 5 39;700.4 5 39;700.4 5 39;700.4 5 39;700.4 5 39;700.4 5 39;700.4 5 39;700.4 5 39;700.4 5 39;700.4 5 39;700.4 5 39;,,,66.51 5 M;699.32 4 52;699.32 1 49;699.32 1 37;699.32 1 37;699.32 1 37;699.32 1 37;699.32 1 37;699.32 1 37;699.32 1 37;699.32 1 37;699.32 1 37;699.32 1 37;699.32 1 37;699.32 1 37;699.32 1 37;699.32 1 37;699.32 1 37;699.32 1 37;699.32 1 37;699.32 1 37;699.32 1 37;699.32 1 37;699.32 1 37;699.32 1 37;699.32 1 37;699.32 1 37;699.32 1 37;699.32 1 37;699.32 1 37;699.32 1 37;699.32 1 37;699.32 1 37;699.32 1 37;699.32 1 37;699.32 1 37;699.32 1 37;699.32 1 37;699.32 1 37;699.32 1 37;699.32 1 37;699.32 1 37;699.32 1 37;699.32 1 37;699.32 1 37;699.32 1 37;699.32 1 37;699.32 1 37;699.32 1 37;699.32 1 37;699.32 1 37;699.32 1 37;699.32 1 37;699.32 1 37;699.32 1 37;699.32 1 37;699.32 1 37;699.32 1 37;699.32 1 37;699.32 1 37;699.32 1 37;699.32 1 37;699.32 1 37;699.32 1 37;699.32 1 37;699.32 1 37;699.32 1 37;699.32 1 37;699.32 1 37;699.32 1 37;699.32 1 37;699.32 1 37;699.32 1 37;699.32 1 37;699.32 1 37;699.32 1 37;699.32 1 37;699.32 1 37;699.32 1 37;699.32 1 37;699.32 1 37;699.32 1 37;699.32 1 37;699.32 1 37;699.32 1 37;699.32 1 37;699.32 1 37;699.32 1 37;699.32 1 37;699.32 1 37;699.32 1 37;699.32 1 37;699.32 1 37;699.32 1 37;699.32 1 37;699.32 1 37;699.32 1 37;699.32 1 37;699.32 1 37;699.32 1 37;699.32 1 37;699.32 1 37;699.32 1 37;699.32 1 37;699.32 1 37;699.32 1 37;699.32 1 37;699.32 1 37;699.32 1 37;699.32 1 37;699.32 1 37;699.32 1 37;699.32 1 37;699.32 1 37;699.32 1 37;699.32 1 37;699.32 1 37;699.32 1 37;699.32 1 37;699.32 1 37;699.32 1 37;699.32 1 37;699.32 1 37;699.32 1 37;699.32 1 37;699.32 1 37;699.32 1 37;699.32 1 37;699.32 1 37;699.32 1 37;699.32 1 37;699.32 1 37;699.32 1 37;699.32 1 37;699.32 1 37;699.32 1 37;699.32 1 37;699.32 1 37;699.32 1 37;699.32 1 37;699.32 1 37;699.32 1 37;699.32 1 37;699.32 1 37;699.32 1 37;699.32 1 37;699.32 1 37;699.32 1 37;699.32 1 37;699.32 1 37;699.32 1 37;699.32 1 37;699.32 1 37;699.32 1 37;699.32 1 37;699.32 1 37;699.32 1 37;699.32 1 37;699.32 1 37;699.32 1 37;699.32 1 37;699.32 1 37;699.32 1 37;699.32 1 37;699.32 1 37;699.32 1 37;699.32 1 37;699.32 1 37;699.32 1 37;699.32 1 37;699.32 1 37;699.32 1 37;699.32 1 37;699.32 1 37;699.32 1 37;699.32 1 37;699.32 1 37;699.32 1 37;699.32 1 37;699.32 1 37;699.32 1 37;699.32 1 37;699.32 1 37;699.32 1 37;699.32 1 37;699.32 1 37;699.32 1 37;699.32 1 37;699.32 1 37;699.32 1 37;699.32 1 37;699.32 1 37;699.32 1 37;699.32 1 37;699.32 1 37;699.32 1 37;699.32 1 37;699.32 1 37;699.32 1 37;699.32 1 37;699.32 1 37;699.32 1 37;699.32 1 37;699.32 1 37;699.32 1 37;699.32 1 37;699.32 1 37;699.32 1 37;699.32 1 37;699.32 1 37;699.32 1 37;699.32 1 37;699.32 1 37;699.32 1 37;699.32 1 37;699.32 1 37;699.32 1 37;699.32 1 37;699.32 1 37;699.32 1 37;699.32 1 37;699.32 1 37;699.32 1 37;699.32 1 37;699.32 1 37;699.32 1 37;699.32 1 37;699.32 1 37;699.32 1 37;699.32 1 37;699.32 1 37;699.32 1 37;699.32 1 37;699.32 1 37;699.32 1 37;699.32 1 37;699.32 1 37;699.32 1 37;699.32 1 37;699.32 1 37;699.32 1 37;699.32 1 37;699.32 1 37;699.32 1 37;699.32 1 37;699.32 1 37;699.32 1 37;699.32 1 37;699.32 1 37;699.32 1 37;699.32 1 37;699.32 1 37;699.32 1 37;699.32 1 37;699.32 1 37;699.32 1 37;699.32 1 37;699.32 1 37;699.32 1 37;699.32 1 37;699.32 1 37;699.32 1 37;699.32 1 37;699.32 1 37;699.32 1 37;699.32 1 37;699.32 1 37;699.32 1 37;699.32 1 37;699.32 1 37;699.32 1 37;699.32 1 37;699.32 1 37;699.32 1 37;699.32 1 37;699.32 1 37;699.32 1 37;699.32 1 37;699.32 1 37;699.32 1 37;699.32 1 37;699.32 1 37;699.32 1 37;699.32 1 37;699.32 1 37;699.32 1 37;699.32 1 37;699.32 1 37;699.32 1 37;699.32 1 37;699.32 1 37;699.32 1 37;699.32 1 37;699.32 2 39;699.32 3 39;699.32 4 39;699.32 5 39;699.32 5 39;699.32 5 39;699.32 5 39;699.32 5 39;699.32 5 39;699.32 5 39;699.32 5 39;699.32 5 39;699.32 5 39;699.32 5 39;699.32 5 39;699.32 5 39;699.32 5 39;699.32 5 39;699.32 5 39;699.32 5 39;699.32 5 39;699.32 5 39;699.32 5 39;699.32 5 39;699.32 5 39;699.32 5 39;699.32 5 39;699.32 5 39;699.32 5 39;699.32 5 39;699.32 5 39;699.32 5 39;699.32 5 39;699.32 5 39;699.32 5 39;699.32 5 39;699.32 5 39;699.32 5 39;699.32 5 39;699.32 5 39;699.32 5 39;699.32 5 39;699.32 5 39;699.32 5 39;699.32 5 39;699.32 5 39;699.32 5 39;699.32 5 39;699.32 5 39;699.32 5 39;699.32 5 39;699.32 5 39;699.32 5 39;699.32 5 39;699.32 5 39;699.32 5 39;699.32 5 39;699.32 5 39;699.32 5 39;699.32 5 39;699.32 5 39;699.32 5 39;699.32 5 39;699.32 5 39;699.32 5 39;699.32 5 39;699.32 5 39;699.32 5 39;699.32 5 39;699.32 5 39;699.32 5 39;699.32 5 39;699.32 5 39;699.32 5 39;699.32 5 39;699.32 5 39;699.32 5 39;699.32 5 39;699.32 5 39;699.32 5 39;699.32 5 39;699.32 5 39;699.32 5 39;699.32 5 39;699.32 5 39;699.32 5 39;699.32 5 39;699.32 5 39;699.32 5 39;699.32 5 39;699.32 5 39;699.32 5 39;699.32 5 39;699.32 5 39;699.32 5 39;699.32 5 39;699.32 5 39;699.32 5 39;699.32 5 39;699.32 5 39;699.32 5 39;699.32 5 39;699.32 5 39;699.32 5 39;699.32 5 39;699.32 5 39;699.32 5 39;699.32 5 39;699.32 5 39;699.32 5 39;699.32 5 39;699.32 5 39;699.32 5 39;699.32 5 39;699.32 5 39;699.32 5 39;699.32 5 39;699.32 5 39;699.32 5 39;699.32 5 39;699.32 5 39;699.32 5 39;699.32 5 39;699.32 5 39;699.32 5 39;699.32 5 39;699.32 5 39;699.32 5 39;699.32 5 39;699.32 5 39;699.32 5 39;699.32 5 39;699.32 5 39;699.32 5 39;699.32 5 39;699.32 5 39;699.32 5 39;699.32 5 39;699.32 5 39;699.32 5 39;699.32 5 39;699.32 5 39;699.32 5 39;699.32 5 39;699.32 5 39;699.32 5 39;699.32 5 39;699.32 5 39;699.32 5 39;699.32 5 39;699.32 5 39;699.32 5 39;699.32 5 39;699.32 5 39;699.32 5 39;699.32 5 39;699.32 5 39;699.32 5 39;699.32 5 39;699.32 5 39;699.32 5 39;699.32 5 39;699.32 5 39;699.32 5 39;699.32 5 39;699.32 5 39;699.32 5 39;699.32 5 39;699.32 5 39;699.32 5 39;699.32 5 39;699.32 5 39;699.32 5 39;699.32 5 39;699.32 5 39;699.32 5 39;699.32 5 39;699.32 5 39;699.32 5 39;699.32 5 39;699.32 5 39;699.32 5 39;699.32 5 39;699.32 5 39;699.32 5 39;699.32 5 39;699.32 5 39;699.32 5 39;699.32 5 39;699.32 5 39;699.32 5 39;699.32 5 39;699.32 5 39;699.32 5 39;699.32 5 39;699.32 5 39;699.32 5 39;699.32 5 39;699.32 5 39;699.32 5 39;699.32 5 39;699.32 5 39;699.32 5 39;699.32 5 39;699.32 5 39;699.32 5 39;699.32 5 39;699.32 5 39;699.32 5 39;699.32 5 39;699.32 5 39;699.32 5 39;699.32 5 39;699.32 5 39;699.32 5 39;699.32 5 39;699.32 5 39;699.32 5 39;699.32 5 39;699.32 5 39;699.32 5 39;699.32 5 39;699.32 5 39;699.32 5 39;699.32 5 39;699.32 5 39;699.32 5 39;699.32 5 39;699.32 5 39;699.32 5 39;699.32 5 39;699.32 5 39;699.32 5 39;699.32 5 39;699.32 5 39;699.32 5 39;699.32 5 39;699.32 5 39;699.32 5 39;699.32 5 39;699.32 5 39;699.32 5 39;699.32 5 39;699.32 5 39;699.32 5 39;699.32 5 39;699.32 5 39;699.32 5 39;699.32 5 39;699.32 5 39;699.32 5 39;699.32 5 39;699.32 5 39;699.32 5 39;699.32 5 39;699.32 5 39;699.32 5 39;699.32 5 39;699.32 5 39;699.32 5 39;699.32 5 39;699.32 5 39;699.32 5 39;699.32 5 39;699.32 5 39;699.32 5 39;699.32 5 39;699.32 5 39;699.32 5 39;699.32 5 39;699.32 5 39;699.32 5 39;699.32 5 39;699.32 5 39;699.32 5 39;699.32 5 39;699.32 5 39;699.32 5 39;699.32 5 39;699.32 5 39;699.32 5 39;699.32 5 39;699.32 5 39;699.32 5 39;699.32 5 39;699.32 5 39;699.32 5 39;699.32 5 39;699.32 5 39;699.32 5 39;699.32 5 39;699.32 5 39;699.32 5 39;699.32 5 39;699.32 5 39;699.32 5 39;699.32 5 39;699.32 5 39;699.32 5 39;699.32 5 39;699.32 5 39;699.32 5 39;699.32 5 39;699.32 5 39;699.32 5 39;699.32 5 39;699.32 5 39;699.32 5 39;699.32 5 39;699.32 5 39;699.32 5 39;699.32 5 39;699.32 5 39;699.32 5 39;699.32 5 39;699.32 5 39;699.32 5 39;699.32 5 39;699.32 5 39;699.32 5 39;699.32 5 39;699.32 5 39;699.32 5 39;699.32 5 39;699.32 5 39;699.32 5 39;699.32 5 39;699.32 5 39;699.32 5 39;699.32 5 39;699.32 5 39;699.32 5 39;699.32 5 39;699.32 5 39;699.32 5 39;699.32 5 39;699.32 5 39;699.32 5 39;699.32 5 39;699.32 5 39;699.32 5 39;699.32 5 39;699.32 5 39;699.32 5 39;699.32 5 39;699.32 5 39;699.32 5 39;699.32 5 39;699.32 5 39;699.32 5 39;699.32 5 39;699.32 5 39;699.32 5 39;699.32 5 39;699.32 5 39;699.32 5 39;699.32 5 39;699.32 5 39;699.32 5 39;699.32 5 39;699.32 5 39;699.32 5 39;699.32 5 39;699.32 5 39;699.32 5 39;699.32 5 39;699.32 5 39;699.32 5 39;699.32 5 39;699.32 5 39;699.32 5 39;699.32 5 39;699.32 5 39;699.32 5 39;699.32 5 39;699.32 5 39;699.32 5 39;699.32 5 39;699.32 5 39;699.32 5 39;
2022-08-07 14:00:35,2022-08-07 14:33:55,1999,2022-08-07 14:33:55,5,4,4,3,1,3,2,6,6,4,4,4,3,1,3,1,3,58,2,4,"",9.64 5 M;102.89 4 M;116.08 5 M;139.65 4 M;183.02 3 M;280.38 4 M;305.47 3 M;369.9 4 M;386.07 5 M;410.38 4 M;520.36 3 M;595.29 5 M;700.82 5 101;,,,50.26 5 M;110.96 4 M;169.19 3 M;179.65 1 M;196.55 3 M;198.84 4 M;212.17 5 M;225.21 3 M;288.24 4 M;371.41 5 M;415.26 4 M;421.5 5 M;473.48 4 M;701.61 5 101;
2022-08-07 13:47:01,2022-08-07 18:21:43,16481,2022-08-07 18:21:43,3,4,4,5,4,3,2,1,6,5,4,5,5,3,4,1,3,35,1,4,"",,9.27 4 M;12.88 5 M;31.22 4 M;49.74 5 M;84.81 4 M;100.16 3 M;109.91 4 M;129.31 3 M;132.11 4 M;143.51 3 M;145.95 4 M;163.75 3 M;171.66 1 M;181.69 4 M;247.96 3 M;264.31 4 M;296.56 3 M;304.15 2 M;310.05 4 M;330.59 3 M;335.92 4 M;345.17 5 M;350.66 3 M;363.06 2 M;366.7 3 M;373.28 4 M;387.09 3 M;399.61 5 M;407.17 4 M;415.27 5 M;423.19 4 M;430.02 3 M;437.06 4 M;439.65 5 M;444.02 4 M;454.73 3 M;457.24 2 M;460.72 3 M;468.8 4 M;475.81 3 M;547.06 2 M;555.71 1 M;559.23 2 M;567.27 3 M;589.1 4 M;591.61 3 M;597.76 4 M;614.07 3 M;622.39 4 M;626.05 3 M;641.44 4 M;660.6 3 M;702.24 3 51;702.24 5 53;,,8.63 4 M;27.34 5 M;84.24 4 M;87.29 5 M;143.59 4 M;155.61 5 M;173.01 1 M;181.39 5 M;249.06 3 M;257.39 4 M;259.72 5 M;280.16 1 M;283.23 5 M;296.88 4 M;300.39 5 M;304.46 4 M;338.81 5 M;361.18 2 M;362.99 3 M;372.81 4 M;389.92 5 M;483.03 4 M;487.45 5 M;527.95 4 M;529.27 5 M;552.96 4 M;556.17 5 M;568.03 4 M;575.54 5 M;599.49 4 M;602.01 5 M;616.82 4 M;626.25 3 M;633.91 4 M;653.93 5 M;661.66 4 M;667.36 3 M;683.66 2 M;688.04 1 M;701.9 3 51;701.9 5 53;
2022-08-08 05:36:22,2022-08-08 06:05:42,1760,2022-08-08 06:05:42,4,4,3,1,5,1,1,4,7,5,5,4,2,5,1,1,3,60,1,5,"The second video was much clearer - the first one I found quite irritating after the first minute or so as there was too much extraneous detail. Overall I felt it turned the experience of listening to the piece into a more mathematical exercise although I can appreciate that some people would find it interesting to see the information provided by the video (at least the second one)",29.75 5 M;56.92 4 M;110.23 3 M;158.38 3 M;372.38 5 M;406.88 4 M;586.99 5 M;609.49 4 M;,,,16.73 5 M;
2022-08-08 06:22:52,2022-08-08 06:52:02,1749,2022-08-08 06:52:02,4,3,1,3,4,2,1,4,7,3,2,1,1,4,2,1,3,37,1,6,"",,9.74 1 M;15.83 2 M;18.55 3 M;24.81 4 M;43.89 5 M;75.72 2 M;89.88 3 M;107.14 2 M;115.09 1 M;129.02 3 M;130.92 4 M;132.96 5 M;140.64 2 M;147.51 1 M;183.1 3 M;188.98 4 M;194.86 5 M;203.36 2 M;207.11 3 M;218.41 1 M;229.78 4 M;240.18 3 M;243.23 4 M;255.32 3 M;259.59 4 M;266.76 5 M;276.85 1 M;289.92 3 M;303.06 1 M;315 2 M;320.66 3 M;323.48 4 M;328.42 1 M;336.23 3 M;346.51 2 M;352.22 1 M;361.24 3 M;380.85 4 M;384.87 3 M;388.19 4 M;389.51 3 M;409.08 2 M;421.5 3 M;454.46 2 M;458.03 1 M;460.21 3 M;466.8 2 M;483.76 3 M;492.91 4 M;506.67 3 M;518.92 2 M;528.2 1 M;545.16 2 M;547.67 1 M;550.13 2 M;554.1 1 M;557.07 2 M;571.04 1 M;578.07 3 M;582.52 5 M;594.12 2 M;597.76 5 M;611.09 3 M;617.92 2 M;627.08 1 M;636.99 2 M;640.84 3 M;655.27 1 M;681.76 4 M;688.22 1 M;704.46 3 51;,,10.46 3 M;17.81 4 M;32.73 5 M;78.84 3 M;85.02 2 M;90.2 1 M;95.06 2 M;102.77 3 M;104.88 4 M;108.52 5 M;122.32 3 M;124.33 2 M;128.87 3 M;130.22 4 M;132.33 5 M;138.21 3 M;139.81 3 M;140.86 2 M;151.47 3 M;155.52 1 M;163.46 3 M;173.19 2 M;178.37 1 M;182.48 3 M;184.48 4 M;186.38 5 M;197.07 2 M;201.46 4 M;203.44 5 M;209.5 4 M;220.12 3 M;230.98 4 M;233.82 5 M;250.97 2 M;253.81 1 M;256.32 3 M;260.12 4 M;264.22 5 M;281.54 2 M;293.68 4 M;295.1 3 M;304.42 2 M;314.59 3 M;320.51 4 M;322.09 5 M;326.59 4 M;329.1 3 M;334.91 4 M;336.75 5 M;344.05 3 M;348.06 2 M;362.5 1 M;365.07 2 M;366.45 3 M;370.8 4 M;376.19 2 M;379.17 4 M;384.19 3 M;389.62 4 M;399.62 5 M;406.67 4 M;409.97 3 M;412.28 4 M;415.76 3 M;421.45 4 M;428.61 5 M;438.95 3 M;453.32 2 M;459.33 1 M;462.52 2 M;468.49 1 M;469.95 2 M;482.55 3 M;499.57 4 M;512.64 5 M;519.97 4 M;524.72 3 M;529.09 2 M;535.6 3 M;540.07 2 M;547.89 1 M;549.52 2 M;555.21 3 M;566.36 1 M;577.17 5 M;590.26 3 M;598.6 5 M;607.34 4 M;616.63 2 M;623.06 3 M;641.46 4 M;642.8 3 M;653.46 2 M;658.78 1 M;678.87 5 M;681.77 3 M;685.77 2 M;692.22 1 M;703.21 3 51;
2022-08-06 21:11:00,2022-08-08 08:18:15,126434,2022-08-08 08:18:15,4,5,4,4,2,3,3,2,3,4,5,4,5,1,4,4,3,29,1,4,"Thank you for letting me take part of your study!",,175.96 3 M;699.25 2 98;699.25 1 49;,,697.56 2 98;697.56 1 49;
2022-08-08 17:02:13,2022-08-08 17:39:17,2224,2022-08-08 17:39:17,5,5,5,4,1,2,1,4,5,4,4,4,4,1,2,1,3,33,2,6,"",,13.7 5 M;563.79 4 M;603.26 5 M;703.31 3 99;703.31 3 99;,201.78 5 M;207.16 4 M;700.82 3 99;700.82 3 99;,
2022-08-09 09:25:05,2022-08-09 10:52:51,5266,2022-08-09 10:52:51,5,5,5,5,4,4,3,5,7,5,5,5,5,4,3,3,2,28,2,7,"",,310.9 5 M;314.33 3 99;314.33 1 97;314.33 2 98;,,704.46 5 M;704.46 3 99;704.46 1 97;704.46 2 98;
2022-08-09 17:52:43,2022-08-09 18:35:30,2566,2022-08-09 18:35:30,5,4,4,4,1,3,4,5,5,5,4,4,3,2,3,3,3,22,1,3,"",8.64 2 M;23.95 3 M;32.29 4 M;40.63 4 M;62.97 4 M;69.23 4 M;90.77 4 M;102.41 3 M;150.92 3 M;167.27 3 M;204.62 4 M;207.06 3 M;258.63 4 M;262.93 4 M;290.78 4 M;291.63 4 M;359.44 3 M;435.96 4 M;437.03 4 M;528.83 4 M;558.48 3 M;559.43 3 M;576.99 4 M;609.4 3 M;665.49 3 M;666.11 3 M;681.93 3 M;693.92 3 M;700.82 2 50;700.82 2 50;,,32.57 4 M;37.46 4 M;50.46 4 M;69.34 4 M;89.74 4 M;126.84 4 M;146.99 4 M;148.83 4 M;149.18 4 M;154.21 4 M;189.76 4 M;212.98 4 M;235.68 4 M;247.69 4 M;285.56 4 M;286.21 4 M;327.67 4 M;343.88 4 M;383.24 4 M;409.98 4 M;413.55 4 M;433.75 4 M;446.15 4 M;499.85 4 M;502.34 4 M;539.71 4 M;562.34 4 M;619.91 4 M;660.68 4 M;700.82 2 50;700.82 2 50;,
2022-08-10 10:53:50,2022-08-10 11:48:45,3295,2022-08-10 11:48:46,4,5,3,3,2,3,2,3,5,4,3,2,1,3,2,1,3,29,1,5,"Sometimes I was thinking about the strings of the instruments with the discs, too, but I associate them mainly with the instruments since the beggining. The background color confused me (were they something with the pitch? then I realized no and they became irrelevant for me). I think the speed of my clicks was not so good, on different times I was clicking ""no idea"" a moment after the changes ",,9.41 5 M;15.09 5 M;15.87 5 M;17.45 5 M;24.29 5 M;31.15 4 M;32.03 4 M;39.87 4 M;41.42 4 M;47.59 3 M;51.62 4 M;55.9 5 M;65.6 4 M;67.15 5 M;74.95 4 M;76.33 5 M;79.28 5 M;83.96 4 M;89.94 4 M;91.86 4 M;93.62 4 M;101 3 M;102.67 3 M;108.43 2 M;109.77 3 M;116.37 3 M;125.23 3 M;130.9 4 M;138.31 4 M;139.75 4 M;143.33 5 M;151.13 4 M;152.49 4 M;158.89 4 M;167.5 2 M;169.45 2 M;171.07 2 M;174.41 2 M;181.76 3 M;183.14 4 M;186.95 5 M;191.24 5 M;200.58 4 M;206.41 5 M;207.81 4 M;209.2 4 M;213.15 5 M;221.52 2 M;226.69 3 M;236.42 4 M;240.44 5 M;253.33 3 M;255.47 4 M;256.58 5 M;262.85 5 M;271.56 4 M;277.11 3 M;285.58 4 M;289.19 3 M;293.31 4 M;297.72 1 M;301.56 1 M;302.15 1 M;304.79 1 M;308.33 1 M;311.25 3 M;315.38 4 M;317.24 2 M;318.68 3 M;319.99 3 M;322.67 2 M;323.98 3 M;326.47 2 M;336.36 3 M;340.75 2 M;344.65 2 M;354.93 3 M;358.36 2 M;365.89 4 M;375.84 5 M;381.32 5 M;382.52 5 M;386.22 5 M;390.35 5 M;393.02 5 M;394.53 5 M;396.59 5 M;400.39 5 M;404.09 5 M;408.97 3 M;413.35 4 M;414.71 5 M;419.1 5 M;420.42 5 M;422.74 5 M;429.08 4 M;430.23 5 M;434.2 5 M;436.59 5 M;438.53 5 M;441 5 M;446.13 5 M;453.69 5 M;456.61 3 M;459.15 4 M;467.74 4 M;470.07 4 M;470.95 5 M;471.77 5 M;476.18 5 M;483.41 5 M;488.45 4 M;492.15 4 M;493.38 5 M;495.06 4 M;496.15 4 M;497.28 4 M;500.17 4 M;509.46 4 M;510.98 5 M;513.26 5 M;514.23 5 M;519.58 4 M;521.35 5 M;526.35 4 M;527.62 5 M;532.34 4 M;538.68 5 M;540.68 5 M;541.57 5 M;542.49 5 M;543.36 5 M;545.28 5 M;547.47 5 M;549.92 5 M;551.12 5 M;553.07 5 M;555.61 5 M;556.61 5 M;558.36 5 M;560.82 5 M;564.85 5 M;567.96 5 M;579.6 3 M;585.34 4 M;591.27 4 M;599.64 3 M;603.45 4 M;613.58 4 M;626.16 4 M;626.84 4 M;628.38 5 M;630.44 4 M;642.92 5 M;644.4 4 M;644.64 4 M;645.63 5 M;646.25 5 M;651.92 5 M;652.52 5 M;655.71 5 M;661.07 4 M;662.26 4 M;666.7 5 M;667.42 5 M;680.55 5 M;682.03 5 M;684.8 4 M;686.79 5 M;694.79 5 M;704.46 2 50;704.46 1 37;704.46 2 39;704.46 1 37;704.46 1 37;704.46 1 37;704.46 1 37;704.46 1 37;704.46 1 37;704.46 1 37;704.46 1 37;704.46 1 37;704.46 1 37;704.46 1 37;704.46 1 37;704.46 1 37;704.46 1 37;704.46 2 50;704.46 2 50;704.46 1 37;704.46 1 37;704.46 1 37;704.46 1 37;704.46 1 37;704.46 1 37;704.46 1 37;704.46 1 37;704.46 1 37;704.46 1 37;704.46 1 37;704.46 1 37;704.46 1 37;704.46 1 37;704.46 1 37;704.46 1 37;704.46 1 37;704.46 1 37;704.46 1 37;704.46 1 37;704.46 1 37;704.46 1 37;704.46 1 37;704.46 1 37;704.46 1 37;704.46 1 37;704.46 1 37;704.46 1 37;704.46 1 37;704.46 1 37;704.46 1 37;704.46 1 37;704.46 1 37;704.46 1 37;704.46 1 37;704.46 1 37;704.46 1 37;704.46 1 37;704.46 1 37;704.46 1 37;704.46 1 37;704.46 1 37;704.46 1 37;704.46 1 37;704.46 1 37;704.46 1 37;704.46 1 37;704.46 1 37;704.46 1 37;704.46 1 37;704.46 1 37;704.46 1 37;704.46 1 37;704.46 1 37;704.46 1 37;704.46 1 37;704.46 1 37;704.46 1 37;704.46 1 37;704.46 1 37;704.46 1 37;704.46 1 37;704.46 1 37;704.46 1 37;704.46 1 37;704.46 1 37;704.46 1 37;704.46 1 37;704.46 1 37;704.46 1 37;704.46 1 37;704.46 1 37;704.46 1 37;704.46 1 37;704.46 1 37;704.46 1 37;704.46 1 37;704.46 1 37;704.46 1 37;704.46 1 37;704.46 1 37;704.46 1 37;704.46 1 37;704.46 1 37;704.46 1 37;704.46 1 37;704.46 1 37;704.46 1 37;704.46 1 37;704.46 1 37;704.46 1 37;704.46 1 37;704.46 1 37;704.46 1 37;704.46 1 37;704.46 1 37;704.46 1 37;704.46 1 37;704.46 1 37;704.46 1 37;704.46 1 37;704.46 1 37;704.46 1 37;704.46 1 37;704.46 1 37;704.46 1 37;704.46 1 37;704.46 1 37;704.46 1 37;704.46 1 37;704.46 1 37;704.46 1 37;704.46 1 37;704.46 1 37;704.46 1 37;704.46 1 37;704.46 1 37;704.46 1 37;704.46 1 37;704.46 1 37;704.46 1 37;704.46 1 37;704.46 1 37;704.46 1 37;704.46 1 37;704.46 1 37;704.46 1 37;704.46 1 37;704.46 1 37;704.46 1 37;704.46 1 37;704.46 1 37;704.46 1 37;704.46 1 37;704.46 1 37;704.46 1 37;704.46 1 37;704.46 1 37;704.46 1 37;704.46 1 37;704.46 1 37;704.46 1 37;704.46 1 37;704.46 1 37;704.46 1 37;704.46 1 37;704.46 1 37;704.46 1 37;704.46 1 37;704.46 1 37;704.46 1 37;704.46 1 37;704.46 1 37;704.46 1 37;704.46 1 37;704.46 1 37;704.46 1 37;704.46 1 37;704.46 1 37;704.46 1 37;704.46 1 37;704.46 1 37;704.46 1 37;704.46 1 37;704.46 1 37;704.46 1 37;704.46 1 37;704.46 1 37;704.46 1 37;704.46 1 37;704.46 1 37;704.46 1 37;704.46 1 37;704.46 1 37;704.46 1 37;704.46 1 37;704.46 1 37;704.46 1 37;704.46 1 37;704.46 1 37;704.46 1 37;704.46 1 37;704.46 1 37;704.46 1 37;704.46 1 37;704.46 1 37;704.46 1 37;704.46 1 37;704.46 1 37;704.46 1 37;704.46 1 37;704.46 1 37;704.46 1 37;704.46 1 37;704.46 1 37;704.46 1 37;704.46 1 37;704.46 1 37;704.46 1 37;704.46 1 37;704.46 1 37;704.46 1 37;704.46 1 37;704.46 1 37;704.46 1 37;704.46 1 37;704.46 1 37;704.46 1 37;704.46 1 37;704.46 1 37;704.46 1 37;704.46 1 37;704.46 1 37;704.46 1 37;704.46 1 37;704.46 1 37;704.46 1 37;704.46 1 37;704.46 1 37;704.46 1 37;704.46 1 37;704.46 1 37;704.46 1 37;704.46 1 37;704.46 1 37;704.46 1 37;704.46 1 37;704.46 1 37;704.46 1 37;704.46 1 37;704.46 1 37;704.46 1 37;704.46 1 37;704.46 1 37;704.46 1 37;704.46 1 37;704.46 1 37;704.46 1 37;704.46 1 37;704.46 1 37;704.46 1 37;704.46 1 37;704.46 1 37;704.46 1 37;704.46 2 39;704.46 1 37;704.46 1 37;704.46 2 39;,,8.71 5 M;12.93 5 M;13.48 5 M;14.07 5 M;14.48 5 M;15.13 5 M;15.92 5 M;16.58 5 M;17.48 5 M;18.39 5 M;23.27 5 M;29.66 5 M;34.71 5 M;41.84 5 M;42.3 5 M;43.18 5 M;43.95 5 M;45.05 5 M;46.69 5 M;48.68 5 M;51.53 5 M;53.92 5 M;54.59 5 M;55.73 5 M;56.52 5 M;57.29 5 M;58.13 5 M;60.56 5 M;61.99 5 M;63.81 5 M;68.37 5 M;72.56 5 M;73.33 5 M;75.61 5 M;77.67 5 M;82.72 4 M;84.39 5 M;100.2 4 M;102.61 3 M;107.45 2 M;112.2 4 M;115.23 2 M;124.49 2 M;128.76 3 M;134.15 3 M;136.49 3 M;140.13 2 M;142.55 4 M;143.9 3 M;146.53 4 M;152.56 5 M;153.67 4 M;170.43 3 M;175.93 2 M;179.82 1 M;184.25 3 M;190.53 4 M;203.72 4 M;204.59 4 M;206.32 2 M;209.18 1 M;213.17 3 M;218.78 2 M;236.2 2 M;241.48 3 M;244.6 2 M;246.93 1 M;255.85 4 M;262.49 3 M;265.92 3 M;267.01 3 M;269.2 4 M;270.92 3 M;275.68 2 M;286.8 4 M;291.32 3 M;293.9 1 M;294.69 1 M;295.42 1 M;296.15 1 M;296.97 1 M;299.07 3 M;300.18 1 M;303.29 1 M;304.04 1 M;308.08 1 M;311.32 3 M;313.9 2 M;317.62 3 M;324.43 3 M;327.01 2 M;329.77 1 M;334.66 1 M;336.08 2 M;339.38 3 M;341.88 3 M;342.74 3 M;344.74 3 M;359.58 2 M;361.85 1 M;364.58 4 M;370.44 4 M;371.81 5 M;377.12 4 M;379.85 3 M;387.92 3 M;391.13 4 M;396.03 3 M;403.13 4 M;404.47 4 M;413.55 3 M;421.23 3 M;422.19 4 M;437.05 4 M;440.32 3 M;442.34 4 M;445.74 4 M;448.08 5 M;450.58 5 M;457.94 4 M;459.83 5 M;463.07 5 M;464.28 5 M;465.62 5 M;470.56 5 M;471.19 5 M;471.89 5 M;472.58 5 M;473.25 5 M;474 5 M;474.59 5 M;475.27 5 M;475.88 5 M;476.5 5 M;478.55 3 M;482.8 4 M;486.8 3 M;493.11 4 M;498.57 4 M;501.42 4 M;502.75 4 M;507.5 4 M;513.66 3 M;518.1 4 M;519.86 3 M;521.11 3 M;522.46 3 M;523.81 3 M;525.06 3 M;526.44 3 M;527.51 4 M;530.72 3 M;531.84 4 M;535.68 3 M;536.88 4 M;539.08 4 M;540 4 M;543.23 4 M;547.29 2 M;550.53 3 M;554.09 4 M;557.8 4 M;559.79 4 M;562.4 4 M;565.74 4 M;567.15 4 M;568.54 5 M;580.99 5 M;582.82 5 M;584.37 5 M;588.57 5 M;598.15 5 M;601.48 5 M;604.17 4 M;605.65 4 M;609.51 5 M;616.41 4 M;625.71 3 M;628.84 3 M;634.21 3 M;635.35 4 M;638.22 4 M;642.73 3 M;648.54 3 M;651.48 3 M;653.43 4 M;655.8 3 M;657.02 2 M;660.24 3 M;662.76 2 M;665.03 1 M;665.76 1 M;666.01 1 M;666.49 1 M;666.9 1 M;667.35 1 M;668 1 M;668.32 1 M;678.51 3 M;682.56 2 M;689.45 1 M;690.1 1 M;690.29 1 M;690.7 1 M;691.02 1 M;691.38 1 M;692.26 1 M;694.13 1 M;704.46 2 50;704.46 1 37;704.46 2 39;704.46 1 37;704.46 1 37;704.46 1 37;704.46 1 37;704.46 1 37;704.46 1 37;704.46 1 37;704.46 1 37;704.46 1 37;704.46 1 37;704.46 1 37;704.46 1 37;704.46 1 37;704.46 1 37;704.46 2 50;704.46 2 50;704.46 1 37;704.46 1 37;704.46 1 37;704.46 1 37;704.46 1 37;704.46 1 37;704.46 1 37;704.46 1 37;704.46 1 37;704.46 1 37;704.46 1 37;704.46 1 37;704.46 1 37;704.46 1 37;704.46 1 37;704.46 1 37;704.46 1 37;704.46 1 37;704.46 1 37;704.46 1 37;704.46 1 37;704.46 1 37;704.46 1 37;704.46 1 37;704.46 1 37;704.46 1 37;704.46 1 37;704.46 1 37;704.46 1 37;704.46 1 37;704.46 1 37;704.46 1 37;704.46 1 37;704.46 1 37;704.46 1 37;704.46 1 37;704.46 1 37;704.46 1 37;704.46 1 37;704.46 1 37;704.46 1 37;704.46 1 37;704.46 1 37;704.46 1 37;704.46 1 37;704.46 1 37;704.46 1 37;704.46 1 37;704.46 1 37;704.46 1 37;704.46 1 37;704.46 1 37;704.46 1 37;704.46 1 37;704.46 1 37;704.46 1 37;704.46 1 37;704.46 1 37;704.46 1 37;704.46 1 37;704.46 1 37;704.46 1 37;704.46 1 37;704.46 1 37;704.46 1 37;704.46 1 37;704.46 1 37;704.46 1 37;704.46 1 37;704.46 1 37;704.46 1 37;704.46 1 37;704.46 1 37;704.46 1 37;704.46 1 37;704.46 1 37;704.46 1 37;704.46 1 37;704.46 1 37;704.46 1 37;704.46 1 37;704.46 1 37;704.46 1 37;704.46 1 37;704.46 1 37;704.46 1 37;704.46 1 37;704.46 1 37;704.46 1 37;704.46 1 37;704.46 1 37;704.46 1 37;704.46 1 37;704.46 1 37;704.46 1 37;704.46 1 37;704.46 1 37;704.46 1 37;704.46 1 37;704.46 1 37;704.46 1 37;704.46 1 37;704.46 1 37;704.46 1 37;704.46 1 37;704.46 1 37;704.46 1 37;704.46 1 37;704.46 1 37;704.46 1 37;704.46 1 37;704.46 1 37;704.46 1 37;704.46 1 37;704.46 1 37;704.46 1 37;704.46 1 37;704.46 1 37;704.46 1 37;704.46 1 37;704.46 1 37;704.46 1 37;704.46 1 37;704.46 1 37;704.46 1 37;704.46 1 37;704.46 1 37;704.46 1 37;704.46 1 37;704.46 1 37;704.46 1 37;704.46 1 37;704.46 1 37;704.46 1 37;704.46 1 37;704.46 1 37;704.46 1 37;704.46 1 37;704.46 1 37;704.46 1 37;704.46 1 37;704.46 1 37;704.46 1 37;704.46 1 37;704.46 1 37;704.46 1 37;704.46 1 37;704.46 1 37;704.46 1 37;704.46 1 37;704.46 1 37;704.46 1 37;704.46 1 37;704.46 1 37;704.46 1 37;704.46 1 37;704.46 1 37;704.46 1 37;704.46 1 37;704.46 1 37;704.46 1 37;704.46 1 37;704.46 1 37;704.46 1 37;704.46 1 37;704.46 1 37;704.46 1 37;704.46 1 37;704.46 1 37;704.46 1 37;704.46 1 37;704.46 1 37;704.46 1 37;704.46 1 37;704.46 1 37;704.46 1 37;704.46 1 37;704.46 1 37;704.46 1 37;704.46 1 37;704.46 1 37;704.46 1 37;704.46 1 37;704.46 1 37;704.46 1 37;704.46 1 37;704.46 1 37;704.46 1 37;704.46 1 37;704.46 1 37;704.46 1 37;704.46 1 37;704.46 1 37;704.46 1 37;704.46 1 37;704.46 1 37;704.46 1 37;704.46 1 37;704.46 1 37;704.46 1 37;704.46 1 37;704.46 1 37;704.46 1 37;704.46 1 37;704.46 1 37;704.46 1 37;704.46 1 37;704.46 1 37;704.46 1 37;704.46 1 37;704.46 1 37;704.46 1 37;704.46 1 37;704.46 1 37;704.46 1 37;704.46 1 37;704.46 1 37;704.46 1 37;704.46 1 37;704.46 1 37;704.46 1 37;704.46 1 37;704.46 1 37;704.46 1 37;704.46 1 37;704.46 1 37;704.46 1 37;704.46 1 37;704.46 1 37;704.46 1 37;704.46 1 37;704.46 1 37;704.46 1 37;704.46 1 37;704.46 1 37;704.46 1 37;704.46 1 37;704.46 1 37;704.46 1 37;704.46 1 37;704.46 1 37;704.46 1 37;704.46 1 37;704.46 1 37;704.46 2 39;704.46 1 37;704.46 1 37;704.46 2 39;
2022-08-08 13:38:00,2022-08-11 05:14:30,228989,2022-08-11 05:14:30,5,4,5,2,4,2,1,1,3,5,4,4,2,4,2,1,3,34,2,7,"",,11.98 3 M;18.86 5 M;29.55 2 M;44.98 3 M;63.42 3 M;72.2 3 M;73.2 2 M;84.18 2 M;98.2 1 M;104.25 2 M;128.38 2 M;157.42 2 M;161.28 1 M;182.66 1 M;207.47 2 M;225.59 1 M;239.8 3 M;265.15 2 M;303.53 2 M;308.99 1 M;344.84 2 M;366.59 2 M;369.78 1 M;381.83 2 M;399.65 3 M;419.49 4 M;437.96 4 M;460.53 4 M;473.14 3 M;479.94 4 M;515 4 M;546.15 4 M;554.12 5 M;567.95 3 M;582.17 2 M;626.25 2 M;653.36 2 M;687.06 2 M;704.39 3 51;704.39 4 52;,,11.65 5 M;26.58 4 M;30.49 5 M;39.62 5 M;55.24 5 M;56.68 5 M;74.54 5 M;83.86 5 M;103.22 5 M;129.95 5 M;146.64 5 M;177.51 1 M;190.54 4 M;194.23 5 M;203.98 5 M;238.67 5 M;263.03 5 M;297.43 3 M;323.79 3 M;335.79 4 M;366.95 2 M;382.95 3 M;402.22 3 M;403.13 3 M;434.32 3 M;439.6 4 M;455.5 4 M;484.6 4 M;518.57 4 M;540.56 4 M;566.66 4 M;580.55 4 M;628.92 3 M;647.77 3 M;657.98 4 M;669.36 3 M;681.57 4 M;699.79 3 51;699.79 4 52;
2022-08-13 07:56:28,2022-08-13 10:12:31,8162,2022-08-13 10:12:31,3,2,2,3,2,1,1,2,4,2,2,2,2,2,1,1,2,73,2,3,"not sure I really got what this was about",,26.44 3 M;469.62 2 M;704.46 3 51;,,15.53 3 M;373.5 2 M;701.89 3 51;
2022-08-16 22:51:40,2022-08-17 10:55:22,43422,2022-08-17 10:55:23,4,5,4,3,2,2,1,1,1,3,2,4,3,2,2,1,3,28,2,4,"I would like that this experiment will be available in the future in smartphones too, because actually most of the users navigates in smartphones rather than computers or tablets",82.83 3 M;91.97 4 M;97.26 3 M;179.91 2 M;195.57 3 M;262.55 2 M;271.67 3 M;372.65 4 M;377.26 3 M;589.68 2 M;597.61 3 M;635.41 2 M;658.63 3 M;700.82 2 98;700.82 1 37;700.82 1 37;700.82 1 37;700.82 1 37;700.82 1 37;700.82 1 37;700.82 1 37;700.82 1 37;700.82 1 37;700.82 1 37;700.82 1 37;700.82 1 37;700.82 1 37;700.82 1 37;700.82 1 37;700.82 1 37;700.82 1 37;700.82 1 37;700.82 1 37;700.82 1 37;700.82 1 37;700.82 1 37;700.82 1 37;700.82 1 37;700.82 1 37;700.82 1 37;700.82 1 37;700.82 1 37;700.82 1 37;700.82 1 37;700.82 1 37;700.82 1 37;700.82 1 37;700.82 1 37;700.82 1 37;700.82 1 37;700.82 1 37;700.82 1 37;700.82 1 37;700.82 1 37;700.82 1 37;700.82 1 37;700.82 1 37;700.82 1 37;700.82 1 37;700.82 1 37;700.82 1 37;700.82 1 37;700.82 1 37;700.82 1 37;700.82 1 37;700.82 1 37;700.82 1 37;700.82 1 37;700.82 1 37;700.82 1 37;700.82 1 37;700.82 1 37;700.82 1 37;700.82 1 37;700.82 1 37;700.82 1 37;700.82 1 37;700.82 1 37;700.82 1 37;700.82 1 37;700.82 1 37;700.82 1 37;700.82 1 37;700.82 1 37;700.82 1 37;700.82 1 37;700.82 1 37;700.82 1 37;700.82 1 37;700.82 1 37;700.82 1 37;700.82 1 37;700.82 1 37;700.82 1 37;700.82 1 37;700.82 1 37;700.82 1 37;700.82 1 37;700.82 1 37;700.82 1 37;700.82 1 37;700.82 1 37;700.82 1 37;700.82 1 37;700.82 1 37;700.82 1 37;700.82 1 37;700.82 1 37;700.82 1 37;700.82 1 37;700.82 1 37;700.82 1 37;700.82 1 37;700.82 1 37;700.82 1 37;700.82 1 37;700.82 1 37;700.82 1 37;700.82 1 37;700.82 1 37;700.82 1 37;700.82 1 37;700.82 1 37;700.82 1 37;700.82 1 37;700.82 1 37;700.82 1 37;700.82 1 37;700.82 1 37;700.82 1 37;700.82 1 37;700.82 1 37;700.82 1 37;700.82 1 37;700.82 1 37;700.82 1 37;700.82 1 37;700.82 1 37;700.82 1 37;700.82 1 37;700.82 1 37;700.82 1 37;700.82 1 37;700.82 1 37;700.82 1 37;700.82 1 37;700.82 1 37;700.82 1 37;700.82 1 37;700.82 1 37;700.82 1 37;700.82 1 37;700.82 1 37;700.82 1 37;700.82 1 37;700.82 1 37;700.82 1 37;700.82 1 37;700.82 1 37;700.82 1 37;700.82 1 37;700.82 1 37;700.82 1 37;700.82 1 37;700.82 1 37;700.82 1 37;700.82 1 37;700.82 1 37;700.82 1 37;700.82 1 37;700.82 1 37;700.82 1 37;700.82 1 37;700.82 1 37;700.82 1 37;700.82 1 37;700.82 1 37;700.82 1 37;700.82 1 37;700.82 1 37;700.82 1 37;700.82 1 37;700.82 1 37;700.82 1 37;700.82 1 37;700.82 1 37;700.82 1 37;700.82 1 37;700.82 1 37;700.82 1 37;700.82 1 37;700.82 1 37;700.82 1 37;700.82 1 37;700.82 1 37;700.82 1 37;700.82 1 37;700.82 1 37;700.82 1 37;700.82 1 37;700.82 1 37;700.82 1 37;700.82 1 37;700.82 1 37;700.82 1 37;700.82 1 37;700.82 1 37;700.82 1 37;700.82 1 37;700.82 1 37;700.82 2 39;700.82 3 39;700.82 4 39;700.82 5 39;700.82 5 39;700.82 5 39;700.82 5 39;700.82 5 39;700.82 5 39;700.82 5 39;700.82 5 39;700.82 5 39;700.82 5 39;700.82 5 39;700.82 5 39;700.82 5 39;700.82 5 39;700.82 5 39;700.82 5 39;700.82 5 39;700.82 5 39;700.82 5 39;700.82 5 39;700.82 5 39;700.82 5 39;700.82 5 39;700.82 5 39;700.82 5 39;700.82 5 39;700.82 5 39;700.82 5 39;700.82 5 39;700.82 5 39;700.82 5 39;700.82 5 39;700.82 5 39;700.82 5 39;700.82 5 39;700.82 5 39;700.82 5 39;700.82 5 39;700.82 5 39;700.82 5 39;700.82 5 39;700.82 5 39;700.82 5 39;700.82 5 39;700.82 5 39;700.82 5 39;700.82 5 39;700.82 5 39;700.82 5 39;700.82 5 39;700.82 5 39;700.82 5 39;700.82 5 39;700.82 5 39;700.82 5 39;700.82 5 39;700.82 5 39;700.82 5 39;700.82 5 39;700.82 5 39;700.82 5 39;700.82 5 39;700.82 5 39;700.82 5 39;700.82 5 39;700.82 5 39;700.82 5 39;700.82 5 39;700.82 5 39;700.82 5 39;700.82 5 39;700.82 5 39;700.82 5 39;700.82 5 39;700.82 5 39;700.82 5 39;700.82 5 39;700.82 5 39;700.82 5 39;700.82 5 39;700.82 5 39;700.82 5 39;700.82 5 39;700.82 5 39;700.82 5 39;700.82 5 39;700.82 5 39;700.82 5 39;700.82 5 39;700.82 5 39;700.82 5 39;700.82 5 39;,,,34.87 3 M;73.91 2 M;76.57 3 M;165.83 1 M;171.57 2 M;186.08 3 M;228.74 2 M;230.89 3 M;542.06 2 M;544.07 3 M;547.54 2 M;597.42 3 M;620.39 2 M;625.16 3 M;673.82 2 M;677.43 3 M;704.46 2 98;704.46 1 37;704.46 1 37;704.46 1 37;704.46 1 37;704.46 1 37;704.46 1 37;704.46 1 37;704.46 1 37;704.46 1 37;704.46 1 37;704.46 1 37;704.46 1 37;704.46 1 37;704.46 1 37;704.46 1 37;704.46 1 37;704.46 1 37;704.46 1 37;704.46 1 37;704.46 1 37;704.46 1 37;704.46 1 37;704.46 1 37;704.46 1 37;704.46 1 37;704.46 1 37;704.46 1 37;704.46 1 37;704.46 1 37;704.46 1 37;704.46 1 37;704.46 1 37;704.46 1 37;704.46 1 37;704.46 1 37;704.46 1 37;704.46 1 37;704.46 1 37;704.46 1 37;704.46 1 37;704.46 1 37;704.46 1 37;704.46 1 37;704.46 1 37;704.46 1 37;704.46 1 37;704.46 1 37;704.46 1 37;704.46 1 37;704.46 1 37;704.46 1 37;704.46 1 37;704.46 1 37;704.46 1 37;704.46 1 37;704.46 1 37;704.46 1 37;704.46 1 37;704.46 1 37;704.46 1 37;704.46 1 37;704.46 1 37;704.46 1 37;704.46 1 37;704.46 1 37;704.46 1 37;704.46 1 37;704.46 1 37;704.46 1 37;704.46 1 37;704.46 1 37;704.46 1 37;704.46 1 37;704.46 1 37;704.46 1 37;704.46 1 37;704.46 1 37;704.46 1 37;704.46 1 37;704.46 1 37;704.46 1 37;704.46 1 37;704.46 1 37;704.46 1 37;704.46 1 37;704.46 1 37;704.46 1 37;704.46 1 37;704.46 1 37;704.46 1 37;704.46 1 37;704.46 1 37;704.46 1 37;704.46 1 37;704.46 1 37;704.46 1 37;704.46 1 37;704.46 1 37;704.46 1 37;704.46 1 37;704.46 1 37;704.46 1 37;704.46 1 37;704.46 1 37;704.46 1 37;704.46 1 37;704.46 1 37;704.46 1 37;704.46 1 37;704.46 1 37;704.46 1 37;704.46 1 37;704.46 1 37;704.46 1 37;704.46 1 37;704.46 1 37;704.46 1 37;704.46 1 37;704.46 1 37;704.46 1 37;704.46 1 37;704.46 1 37;704.46 1 37;704.46 1 37;704.46 1 37;704.46 1 37;704.46 1 37;704.46 1 37;704.46 1 37;704.46 1 37;704.46 1 37;704.46 1 37;704.46 1 37;704.46 1 37;704.46 1 37;704.46 1 37;704.46 1 37;704.46 1 37;704.46 1 37;704.46 1 37;704.46 1 37;704.46 1 37;704.46 1 37;704.46 1 37;704.46 1 37;704.46 1 37;704.46 1 37;704.46 1 37;704.46 1 37;704.46 1 37;704.46 1 37;704.46 1 37;704.46 1 37;704.46 1 37;704.46 1 37;704.46 1 37;704.46 1 37;704.46 1 37;704.46 1 37;704.46 1 37;704.46 1 37;704.46 1 37;704.46 1 37;704.46 1 37;704.46 1 37;704.46 1 37;704.46 1 37;704.46 1 37;704.46 1 37;704.46 1 37;704.46 1 37;704.46 1 37;704.46 1 37;704.46 1 37;704.46 1 37;704.46 1 37;704.46 1 37;704.46 1 37;704.46 1 37;704.46 1 37;704.46 1 37;704.46 1 37;704.46 1 37;704.46 1 37;704.46 1 37;704.46 1 37;704.46 1 37;704.46 1 37;704.46 1 37;704.46 1 37;704.46 1 37;704.46 1 37;704.46 1 37;704.46 1 37;704.46 1 37;704.46 1 37;704.46 2 39;704.46 3 39;704.46 4 39;704.46 5 39;704.46 5 39;704.46 5 39;704.46 5 39;704.46 5 39;704.46 5 39;704.46 5 39;704.46 5 39;704.46 5 39;704.46 5 39;704.46 5 39;704.46 5 39;704.46 5 39;704.46 5 39;704.46 5 39;704.46 5 39;704.46 5 39;704.46 5 39;704.46 5 39;704.46 5 39;704.46 5 39;704.46 5 39;704.46 5 39;704.46 5 39;704.46 5 39;704.46 5 39;704.46 5 39;704.46 5 39;704.46 5 39;704.46 5 39;704.46 5 39;704.46 5 39;704.46 5 39;704.46 5 39;704.46 5 39;704.46 5 39;704.46 5 39;704.46 5 39;704.46 5 39;704.46 5 39;704.46 5 39;704.46 5 39;704.46 5 39;704.46 5 39;704.46 5 39;704.46 5 39;704.46 5 39;704.46 5 39;704.46 5 39;704.46 5 39;704.46 5 39;704.46 5 39;704.46 5 39;704.46 5 39;704.46 5 39;704.46 5 39;704.46 5 39;704.46 5 39;704.46 5 39;704.46 5 39;704.46 5 39;704.46 5 39;704.46 5 39;704.46 5 39;704.46 5 39;704.46 5 39;704.46 5 39;704.46 5 39;704.46 5 39;704.46 5 39;704.46 5 39;704.46 5 39;704.46 5 39;704.46 5 39;704.46 5 39;704.46 5 39;704.46 5 39;704.46 5 39;704.46 5 39;704.46 5 39;704.46 5 39;704.46 5 39;704.46 5 39;704.46 5 39;704.46 5 39;704.46 5 39;704.46 5 39;704.46 5 39;704.46 5 39;704.46 5 39;704.46 5 39;704.46 5 39;
2022-08-17 14:19:55,2022-08-17 14:39:16,1161,2022-08-17 14:39:17,3,2,2,2,3,1,1,1,2,3,1,2,1,4,2,1,3,NaN,2,3,"Uncertain, what happened - did I do anythinh og any value",,20.14 2 M;32.27 3 M;44.2 2 M;61.07 3 M;77.42 2 M;84.95 1 M;102.02 2 M;,21.22 2 M;48.86 3 M;75.61 4 M;121.69 3 M;133.06 2 M;152.08 3 M;188.31 4 M;306.66 2 M;343.86 3 M;369.64 4 M;376.31 2 M;380.51 3 M;,
2022-08-22 07:24:53,2022-08-22 07:56:08,1875,2022-08-22 07:56:09,4,5,4,4,3,4,2,5,5,4,5,4,4,3,4,2,3,56,2,3,"",,13.56 5 53;24.22 5 53;42.57 5 53;56.02 5 53;72.74 2 50;80.76 4 52;101.51 3 51;120.51 2 50;127.35 3 51;134.89 4 52;147.81 3 51;185.37 2 50;208.65 2 50;237.61 4 52;269.46 3 51;300.32 2 50;346.51 4 52;359.95 5 53;378.83 5 53;396.95 5 53;415.73 5 53;425.96 5 53;449.28 5 53;462.57 3 51;491.51 2 50;511.84 3 51;537.85 4 52;550.07 2 50;577.2 5 53;598.86 5 53;624.22 3 51;665.62 3 51;687.99 1 49;31.24 5 53;31.24 4 52;31.24 2 50;31.24 1 49;31.24 5 53;,,88.93 5 53;113.96 4 52;126.18 2 50;133.69 1 49;701.72 5 53;
2022-08-27 11:41:31,2022-08-28 10:55:21,83630,2022-08-28 10:55:22,3,3,3,4,3,3,2,4,6,3,3,3,3,3,2,2,3,47,1,3,"",,20.17 3 M;77.93 4 52;,,36.02 3 M;556.39 4 52;
